Country,URL
A-C,#
Australia,https://starbucksmenuprices.com/starbucks-au-prices/
Brasil,https://starbucksmenuprices.com/starbucks-brasil-precos/
Bulgaria,https://starbucksmenuprices.com/starbucks-%d1%86%d0%b5%d0%bd%d0%b8/
Canada,https://starbucksmenuprices.com/starbucks-canada-menu/
C-C,#
Colombia,https://starbucksmenuprices.com/starbucks-colombia-precios/
Costa Rica,https://starbucksmenuprices.com/starbucks-menu-costa-rica/
Chile,https://starbucksmenuprices.com/starbucks-precios-chile/
Czech Republic,https://starbucksmenuprices.com/starbucks-ceny-menu/
D-F,#
Denmark,https://starbucksmenuprices.com/starbucks-menu-priser/
Guatemala,https://starbucksmenuprices.com/starbucks-guatemala-precios/
Greece,https://starbucksmenuprices.com/%cf%84%ce%b9%ce%bc%ce%ad%cf%82-%ce%bc%ce%b5%ce%bd%ce%bf%cf%8d-starbucks/
France,https://starbucksmenuprices.com/starbucks-menu-prix/
F-I,#
Finland,https://starbucksmenuprices.com/starbucks-hinta/
Hungary,https://starbucksmenuprices.com/starbucks-kave-arak/
Italy,https://starbucksmenuprices.com/starbucks-prezzo/
México,https://starbucksmenuprices.com/starbucks-precios-mexico/
P-S,#
Poland,https://starbucksmenuprices.com/starbucks-menu-ceny/
Portugal,https://starbucksmenuprices.com/starbucks-portugal-precos/
Romania,https://starbucksmenuprices.com/starbucks-preturi-romania/
South Africa,https://starbucksmenuprices.com/starbucks-menu-prices-south-africa/
S-Z,#
Spain,https://starbucksmenuprices.com/starbucks-precios-espana/
Switzerland,https://starbucksmenuprices.com/starbucks-menu-preise/
United Kingdom,https://starbucksmenuprices.com/starbucks-menu-prices-uk/
United States,https://starbucksmenuprices.com/starbucks-prices-in-usa/
About,https://starbucksmenuprices.com/about/
Australia,https://starbucksmenuprices.com/starbucks-au-prices/
Brasil,https://starbucksmenuprices.com/starbucks-brasil-precos/
Bulgaria,https://starbucksmenuprices.com/starbucks-%d1%86%d0%b5%d0%bd%d0%b8/
Canada,https://starbucksmenuprices.com/starbucks-canada-menu/
Colombia,https://starbucksmenuprices.com/starbucks-colombia-precios/
Costa Rica,https://starbucksmenuprices.com/starbucks-menu-costa-rica/
Chile,https://starbucksmenuprices.com/starbucks-precios-chile/
Czech Republic,https://starbucksmenuprices.com/starbucks-ceny-menu/
Denmark,https://starbucksmenuprices.com/starbucks-menu-priser/
Guatemala,https://starbucksmenuprices.com/starbucks-guatemala-precios/
Greece,https://starbucksmenuprices.com/%cf%84%ce%b9%ce%bc%ce%ad%cf%82-%ce%bc%ce%b5%ce%bd%ce%bf%cf%8d-starbucks/
France,https://starbucksmenuprices.com/starbucks-menu-prix/
Finland,https://starbucksmenuprices.com/starbucks-hinta/
Hungary,https://starbucksmenuprices.com/starbucks-kave-arak/
Italy,https://starbucksmenuprices.com/starbucks-prezzo/
México,https://starbucksmenuprices.com/starbucks-precios-mexico/
Poland,https://starbucksmenuprices.com/starbucks-menu-ceny/
Portugal,https://starbucksmenuprices.com/starbucks-portugal-precos/
Romania,https://starbucksmenuprices.com/starbucks-preturi-romania/
South Africa,https://starbucksmenuprices.com/starbucks-menu-prices-south-africa/
Spain,https://starbucksmenuprices.com/starbucks-precios-espana/
Switzerland,https://starbucksmenuprices.com/starbucks-menu-preise/
United Kingdom,https://starbucksmenuprices.com/starbucks-menu-prices-uk/
United States,https://starbucksmenuprices.com/starbucks-prices-in-usa/
A-C,#
Australia,https://starbucksmenuprices.com/starbucks-au-prices/
Brasil,https://starbucksmenuprices.com/starbucks-brasil-precos/
Bulgaria,https://starbucksmenuprices.com/starbucks-%d1%86%d0%b5%d0%bd%d0%b8/
Canada,https://starbucksmenuprices.com/starbucks-canada-menu/
C-C,#
Colombia,https://starbucksmenuprices.com/starbucks-colombia-precios/
Costa Rica,https://starbucksmenuprices.com/starbucks-menu-costa-rica/
Chile,https://starbucksmenuprices.com/starbucks-precios-chile/
Czech Republic,https://starbucksmenuprices.com/starbucks-ceny-menu/
D-F,#
Denmark,https://starbucksmenuprices.com/starbucks-menu-priser/
Guatemala,https://starbucksmenuprices.com/starbucks-guatemala-precios/
Greece,https://starbucksmenuprices.com/%cf%84%ce%b9%ce%bc%ce%ad%cf%82-%ce%bc%ce%b5%ce%bd%ce%bf%cf%8d-starbucks/
France,https://starbucksmenuprices.com/starbucks-menu-prix/
F-I,#
Finland,https://starbucksmenuprices.com/starbucks-hinta/
Hungary,https://starbucksmenuprices.com/starbucks-kave-arak/
Italy,https://starbucksmenuprices.com/starbucks-prezzo/
México,https://starbucksmenuprices.com/starbucks-precios-mexico/
P-S,#
Poland,https://starbucksmenuprices.com/starbucks-menu-ceny/
Portugal,https://starbucksmenuprices.com/starbucks-portugal-precos/
Romania,https://starbucksmenuprices.com/starbucks-preturi-romania/
South Africa,https://starbucksmenuprices.com/starbucks-menu-prices-south-africa/
S-Z,#
Spain,https://starbucksmenuprices.com/starbucks-precios-espana/
Switzerland,https://starbucksmenuprices.com/starbucks-menu-preise/
United Kingdom,https://starbucksmenuprices.com/starbucks-menu-prices-uk/
United States,https://starbucksmenuprices.com/starbucks-prices-in-usa/
About,https://starbucksmenuprices.com/about/
Australia,https://starbucksmenuprices.com/starbucks-au-prices/
Brasil,https://starbucksmenuprices.com/starbucks-brasil-precos/
Bulgaria,https://starbucksmenuprices.com/starbucks-%d1%86%d0%b5%d0%bd%d0%b8/
Canada,https://starbucksmenuprices.com/starbucks-canada-menu/
Colombia,https://starbucksmenuprices.com/starbucks-colombia-precios/
Costa Rica,https://starbucksmenuprices.com/starbucks-menu-costa-rica/
Chile,https://starbucksmenuprices.com/starbucks-precios-chile/
Czech Republic,https://starbucksmenuprices.com/starbucks-ceny-menu/
Denmark,https://starbucksmenuprices.com/starbucks-menu-priser/
Guatemala,https://starbucksmenuprices.com/starbucks-guatemala-precios/
Greece,https://starbucksmenuprices.com/%cf%84%ce%b9%ce%bc%ce%ad%cf%82-%ce%bc%ce%b5%ce%bd%ce%bf%cf%8d-starbucks/
France,https://starbucksmenuprices.com/starbucks-menu-prix/
Finland,https://starbucksmenuprices.com/starbucks-hinta/
Hungary,https://starbucksmenuprices.com/starbucks-kave-arak/
Italy,https://starbucksmenuprices.com/starbucks-prezzo/
México,https://starbucksmenuprices.com/starbucks-precios-mexico/
Poland,https://starbucksmenuprices.com/starbucks-menu-ceny/
Portugal,https://starbucksmenuprices.com/starbucks-portugal-precos/
Romania,https://starbucksmenuprices.com/starbucks-preturi-romania/
South Africa,https://starbucksmenuprices.com/starbucks-menu-prices-south-africa/
Spain,https://starbucksmenuprices.com/starbucks-precios-espana/
Switzerland,https://starbucksmenuprices.com/starbucks-menu-preise/
United Kingdom,https://starbucksmenuprices.com/starbucks-menu-prices-uk/
United States,https://starbucksmenuprices.com/starbucks-prices-in-usa/
How much is a frappuccino at SB?,https://starbucksmenuprices.com/how-much-is-a-caramel-frappuccino-at-starbucks/
How much is a cookie Frappuccino?,https://starbucksmenuprices.com/how-much-is-a-chocolate-cookie-crumble-creme-frappuccino/
How much is a pink drink at SB?,https://starbucksmenuprices.com/how-much-is-a-pink-drink-at-starbucks/
How much is a pup cup at SB?,https://starbucksmenuprices.com/how-much-is-a-pup-cup-at-starbucks/
How much is a Frapp at SB in Canada?,https://starbucksmenuprices.com/how-much-is-a-vanilla-bean-frappuccino-at-starbucks-in-canada/
How much is a Frappuccino at SB?,https://starbucksmenuprices.com/how-much-is-a-vanilla-bean-frappuccino-at-starbucks/
How much is a venti caramel frapp?,https://starbucksmenuprices.com/how-much-is-a-venti-caramel-ribbon-crunch-frappuccino/
How much is an iced coffee at SB?,https://starbucksmenuprices.com/how-much-is-an-iced-coffee-at-starbucks/
Facebook,https://www.facebook.com/Starbucks/
Pinterest,https://www.pinterest.com/starbucks/
Instagram,https://www.instagram.com/starbucks/
YouTube,https://www.youtube.com/starbucks
Twitter,https://twitter.com/starbucks/
Spotify,https://open.spotify.com/user/starbucks
